# Bright radio continuum sources visible to CHIME (Dec > -15), sorted by RA.
# s408_jy: approximate 408 MHz flux density (+/-20-30%), scaled from 178 MHz / 1.4 GHz values.
# near_plane: True if |b| < 10 deg. Coordinates J2000.
name,alt_name,ra_hms,dec_dms,ra_deg,dec_deg,glat_deg,s408_jy,near_plane,note
3C 20,,00:43:09.1,+52:02:25,10.79,52.04,-11,23,False,S408 scaled from 3CR S178 with alpha=-0.7
3C 33,,01:08:52.9,+13:20:14,17.22,13.34,-49,30,False,
3C 48,,01:37:41.3,+33:09:35,24.42,33.16,-29,37,False,
3C 84,"Per A, NGC 1275",03:19:48.2,+41:30:42,49.95,41.51,-13,40,False,variable
3C 98,,03:58:54.4,+10:26:03,59.73,10.43,-31,25,False,
3C 111,,04:18:21.3,+38:01:36,64.59,38.03,-9,45,True,
3C 119,,04:32:37.1,+41:39:14,68.15,41.65,-4,8,True,S408 scaled from 3CR S178 with alpha=-0.7
3C 123,,04:37:04.4,+29:40:14,69.27,29.67,-12,120,False,
Tau A,"3C 144, Crab",05:34:31.9,+22:00:52,83.63,22.01,-6,1300,True,
3C 147,,05:42:36.1,+49:51:07,85.65,49.85,10,48,False,
3C 196,,08:13:36.0,+48:13:03,123.40,48.22,33,38,False,
Hydra A,3C 218,09:18:05.7,-12:05:44,139.52,-12.10,25,130,False,
3C 237,,10:08:00.2,+07:29:12,152.00,7.49,47,13,False,S408 scaled from 3CR S178 with alpha=-0.7
#Cas A (alias),3C 461 below-pole N-S alias,11:23:24.0,+05:46:12,170.85,5.77,,4000,False,"CHIME ring-map alias: RA = Cas A + 12h; Dec frequency dependent (-29 at 510 MHz, +6 at 600, +19.4 at 679 [CHIME overview Fig. ringmap], +22 at 700, +33 at 800); no alias below ~505 MHz"
3C 270,NGC 4261,12:19:23.2,+05:49:31,184.85,5.83,67,35,False,
3C 273,,12:29:06.7,+02:03:09,187.28,2.05,64,55,False,
Vir A,"3C 274, M87",12:30:49.4,+12:23:28,187.71,12.39,74,550,False,
3C 286,,13:31:08.3,+30:30:33,202.78,30.51,81,25,False,
3C 295,,14:11:20.5,+52:12:10,212.84,52.20,61,55,False,
3C 330,,16:09:19.3,+66:02:14,242.33,66.04,41,13,False,S408 scaled from 3CR S178 with alpha=-0.7
Her A,3C 348,16:51:08.1,+04:59:33,252.78,4.99,29,150,False,
3C 353,,17:20:28.2,-00:58:47,260.12,-0.98,20,135,False,
3C 380,,18:29:31.8,+48:44:46,277.38,48.75,23,30,False,
Cyg A,3C 405,19:59:28.4,+40:44:02,299.87,40.73,6,5000,True,
3C 433,,21:23:44.6,+25:04:11,320.94,25.07,-18,30,False,
3C 452,,22:45:48.8,+39:41:16,341.45,39.69,-17,27,False,
Cas A,3C 461,23:23:24.0,+58:48:54,350.85,58.81,-2,4000,True,"fading; also transits below pole at RA ~171"

